date,equity
2026-05-20,1006790.54
2026-05-21,1006443.43
2026-05-22,1005792.84
2026-05-25,1006825.22
2026-05-26,1005797.58
2026-05-27,1003395.21
2026-05-29,995903.42
2026-06-01,991976.16
2026-06-02,998475.26
2026-06-03,1003117.86
2026-06-04,1002727.59
2026-06-05,1001188.11
2026-06-08,1000359.04
2026-06-09,1006722.77
2026-06-10,1004369.21
2026-06-11,1002006.01
2026-06-12,1012789.05
2026-06-15,1010785.74
2026-06-16,1013917.85
2026-06-17,1013522.61
2026-06-18,1013522.61
2026-06-19,1022992.35
2026-06-22,1022343.14
2026-06-23,1020241.32
2026-06-24,1018916.36
2026-06-25,1016201.84
2026-06-29,1015429.44
2026-06-30,1009546.83
2026-07-01,1009736.66
2026-07-02,1013344.24
2026-07-03,1012743.27
2026-07-06,1013668.28
2026-07-07,1011718.62
2026-07-08,1011798.69
2026-07-09,1009734.49
2026-07-10,1009734.49
2026-07-13,1011751.56
2026-07-14,1010330.86
2026-07-15,1010232.65
2026-07-16,1006978.02
2026-07-17,1008074.76
2026-07-20,1008340.78
2026-07-21,1004413.02
2026-07-22,1004253.09
2026-07-23,1003626.84
2026-07-24,1007656.07
2026-07-27,1005915.4
2026-07-28,1002298.45
2026-07-29,1001717.04
2026-07-30,1004329.86
2026-07-31,1003601.53
2026-08-03,1008204.59
2026-08-04,1014922.23
2026-08-05,1013780.6
2026-08-06,1014470.01
2026-08-07,1010684.23
2026-08-10,1009264.88
2026-08-11,1010878.92
