SL%,Tgt%,trailArm%,trail%,trades,net_pnl,ret%,win%,PF,exp/trade,maxDD%
1.2,2.5,0.5,1.0,265,33227.15,3.32,50.6,1.22,125.39,2.84
1.2,2.5,1.0,1.0,265,32878.91,3.29,50.6,1.22,124.07,2.87
1.2,2.5,1.0,0.7,267,31712.54,3.17,50.6,1.21,118.77,2.83
0.8,2.5,1.0,1.0,262,26666.64,2.67,48.9,1.18,101.78,3.11
0.8,2.5,0.5,1.0,262,26582.69,2.66,48.9,1.18,101.46,3.08
0.8,2.5,1.0,0.7,264,25324.13,2.53,48.9,1.17,95.92,3.0
1.0,2.5,0.5,1.0,265,23090.18,2.31,49.8,1.15,87.13,3.35
1.2,2.5,0.5,0.7,272,22910.74,2.29,51.8,1.15,84.23,2.85
1.0,2.5,1.0,1.0,265,22775.48,2.28,49.8,1.15,85.95,3.38
1.0,2.5,1.0,0.7,267,22228.85,2.22,49.8,1.15,83.25,3.37
1.2,1.8,0.5,1.0,266,18947.92,1.89,50.8,1.13,71.23,2.93
1.2,1.8,1.0,1.0,266,18599.68,1.86,50.8,1.12,69.92,2.96
0.8,2.5,0.5,0.7,269,16266.53,1.63,50.2,1.11,60.47,3.02
1.2,1.2,0.5,1.0,271,14355.17,1.44,51.3,1.1,52.97,2.87
0.8,1.8,1.0,1.0,263,14024.24,1.4,49.0,1.1,53.32,3.2
1.2,1.2,1.0,1.0,271,14006.93,1.4,51.3,1.09,51.69,2.9
0.8,1.8,0.5,1.0,263,13940.29,1.39,49.0,1.09,53.0,3.17
1.2,1.8,1.0,0.7,267,13305.04,1.33,50.2,1.09,49.83,2.94
1.0,2.5,0.5,0.7,272,12773.9,1.28,51.1,1.08,46.96,3.39
1.0,1.8,0.5,1.0,266,10203.62,1.02,50.0,1.07,38.36,3.44
1.0,1.8,1.0,1.0,266,9888.92,0.99,50.0,1.06,37.18,3.47
1.2,1.2,1.0,0.7,272,9690.44,0.97,50.7,1.06,35.63,2.88
0.8,1.8,1.0,0.7,264,9346.78,0.93,48.5,1.06,35.4,3.1
0.8,1.2,1.0,1.0,268,9318.39,0.93,49.6,1.06,34.77,3.03
0.8,1.2,0.5,1.0,268,9234.44,0.92,49.6,1.06,34.46,3.0
1.0,1.2,0.5,1.0,271,7822.0,0.78,50.6,1.05,28.86,3.36
1.0,1.2,1.0,1.0,271,7507.3,0.75,50.6,1.05,27.7,3.39
1.2,1.8,0.5,0.7,274,7346.19,0.73,51.8,1.05,26.81,2.95
1.2,1.2,0.5,0.7,276,7069.23,0.71,52.2,1.05,25.61,2.88
0.8,1.2,1.0,0.7,269,5795.22,0.58,49.1,1.04,21.54,3.01
1.0,1.8,1.0,0.7,267,5610.68,0.56,49.4,1.04,21.01,3.47
1.0,1.2,1.0,0.7,272,3587.47,0.36,50.0,1.02,13.19,3.37
0.8,1.2,0.5,0.7,273,3538.04,0.35,50.5,1.02,12.96,2.97
0.8,1.8,0.5,0.7,271,3132.13,0.31,50.2,1.02,11.56,3.11
1.0,1.2,0.5,0.7,276,1330.83,0.13,51.4,1.01,4.82,3.37
1.0,1.8,0.5,0.7,274,-1001.32,-0.1,51.1,0.99,-3.65,3.48
