symbol,entry_time,entry_price,qty,stop,target,exit_time,exit_price,gross_pnl,cost,pnl,pnl_pct,exit_reason,bars_held
HINDUNILVR,2026-05-20 11:00:00+05:30,2213.0,90,2186.44,2268.32,2026-05-20 15:15:00+05:30,2210.6,-215.99,117.34,-333.33,-0.108,EOD_SQUAREOFF,51
HDFCBANK,2026-05-20 11:05:00+05:30,758.8,263,749.69,777.77,2026-05-20 15:15:00+05:30,759.15,92.06,117.56,-25.5,0.046,EOD_SQUAREOFF,50
KOTAKBANK,2026-05-20 11:05:00+05:30,380.2,526,380.2,389.71,2026-05-20 15:15:00+05:30,383.4,1683.19,118.17,1565.02,0.842,EOD_SQUAREOFF,50
BHARTIARTL,2026-05-20 11:15:00+05:30,1902.6,105,1879.77,1950.16,2026-05-20 15:15:00+05:30,1904.4,189.01,117.66,71.34,0.095,EOD_SQUAREOFF,48
RELIANCE,2026-05-20 11:20:00+05:30,1334.6,149,1346.99,1367.96,2026-05-20 15:15:00+05:30,1360.2,3814.4,118.38,3696.02,1.918,EOD_SQUAREOFF,47
ITC,2026-05-20 11:40:00+05:30,308.0,649,304.3,315.7,2026-05-20 15:15:00+05:30,307.65,-227.15,117.59,-344.74,-0.114,EOD_SQUAREOFF,43
SBIN,2026-05-20 12:05:00+05:30,946.2,211,946.2,969.86,2026-05-20 15:15:00+05:30,950.8,970.59,117.84,852.75,0.486,EOD_SQUAREOFF,38
INFY,2026-05-20 13:10:00+05:30,1192.6,167,1178.29,1222.41,2026-05-20 15:15:00+05:30,1195.1,417.5,117.52,299.98,0.21,EOD_SQUAREOFF,25
AXISBANK,2026-05-20 13:15:00+05:30,1242.1,161,1242.1,1273.15,2026-05-20 15:15:00+05:30,1249.1,1127.0,118.01,1008.99,0.564,EOD_SQUAREOFF,24
LT,2026-05-21 13:40:00+05:30,3930.2,50,3883.04,4028.45,2026-05-21 15:15:00+05:30,3929.2,-50.0,116.45,-166.45,-0.025,EOD_SQUAREOFF,19
INFY,2026-05-21 14:00:00+05:30,1184.8,168,1170.58,1214.42,2026-05-21 15:15:00+05:30,1180.6,-705.61,117.15,-822.76,-0.354,EOD_SQUAREOFF,15
TCS,2026-05-21 14:15:00+05:30,2324.1,86,2296.21,2382.2,2026-05-21 15:15:00+05:30,2324.5,34.39,117.66,-83.26,0.017,EOD_SQUAREOFF,12
KOTAKBANK,2026-05-21 14:15:00+05:30,379.0,527,379.0,388.47,2026-05-21 15:15:00+05:30,380.6,843.2,117.84,725.37,0.422,EOD_SQUAREOFF,12
AXISBANK,2026-05-22 11:25:00+05:30,1276.7,156,1276.7,1308.62,2026-05-22 15:15:00+05:30,1286.4,1513.21,117.83,1395.38,0.76,EOD_SQUAREOFF,46
ICICIBANK,2026-05-22 12:20:00+05:30,1267.8,157,1252.59,1299.5,2026-05-22 15:15:00+05:30,1264.9,-455.3,117.22,-572.53,-0.229,EOD_SQUAREOFF,35
KOTAKBANK,2026-05-22 12:55:00+05:30,385.65,518,381.02,395.29,2026-05-22 15:15:00+05:30,384.65,-518.0,117.46,-635.46,-0.259,EOD_SQUAREOFF,28
BHARTIARTL,2026-05-22 13:50:00+05:30,1879.1,106,1856.55,1926.08,2026-05-22 15:15:00+05:30,1872.3,-720.79,117.2,-837.99,-0.362,EOD_SQUAREOFF,17
LT,2026-05-25 11:35:00+05:30,4020.0,49,3971.76,4120.5,2026-05-25 15:15:00+05:30,4035.9,779.1,116.85,662.25,0.396,EOD_SQUAREOFF,44
BHARTIARTL,2026-05-25 11:50:00+05:30,1880.1,106,1857.54,1927.1,2026-05-25 15:15:00+05:30,1872.4,-816.19,117.21,-933.4,-0.41,EOD_SQUAREOFF,41
RELIANCE,2026-05-25 12:25:00+05:30,1361.2,146,1344.87,1395.23,2026-05-25 15:15:00+05:30,1366.4,759.21,117.46,641.75,0.382,EOD_SQUAREOFF,34
SBIN,2026-05-25 12:30:00+05:30,961.9,207,961.9,985.95,2026-05-25 15:15:00+05:30,970.5,1780.19,117.89,1662.31,0.894,EOD_SQUAREOFF,33
KOTAKBANK,2026-05-25 13:10:00+05:30,392.2,509,387.49,402.01,2026-05-25 15:15:00+05:30,392.8,305.39,117.65,187.74,0.153,EOD_SQUAREOFF,25
INFY,2026-05-25 13:20:00+05:30,1174.3,170,1160.21,1203.66,2026-05-25 15:15:00+05:30,1168.0,-1071.01,117.25,-1188.26,-0.536,EOD_SQUAREOFF,23
ITC,2026-05-26 10:20:00+05:30,303.2,659,299.56,310.78,2026-05-26 15:15:00+05:30,301.7,-988.5,117.34,-1105.84,-0.495,EOD_SQUAREOFF,59
LT,2026-05-26 11:10:00+05:30,4032.0,49,3983.62,4132.8,2026-05-26 15:15:00+05:30,4039.0,343.0,116.93,226.07,0.174,EOD_SQUAREOFF,49
AXISBANK,2026-05-26 14:15:00+05:30,1299.5,153,1283.91,1331.99,2026-05-26 15:15:00+05:30,1299.3,-30.59,117.27,-147.86,-0.015,EOD_SQUAREOFF,12
ICICIBANK,2026-05-27 10:40:00+05:30,1290.7,154,1275.21,1322.97,2026-05-27 13:40:00+05:30,1275.21,-2385.21,116.57,-2501.79,-1.2,STOP,36
TCS,2026-05-27 10:20:00+05:30,2276.0,87,2248.69,2332.9,2026-05-27 15:15:00+05:30,2291.1,1313.71,117.37,1196.34,0.663,EOD_SQUAREOFF,59
SBIN,2026-05-27 12:35:00+05:30,971.3,205,959.64,995.58,2026-05-27 15:15:00+05:30,967.8,-717.5,117.17,-834.67,-0.36,EOD_SQUAREOFF,32
HDFCBANK,2026-05-27 14:05:00+05:30,760.0,263,750.88,779.0,2026-05-27 15:15:00+05:30,759.45,-144.65,117.61,-262.25,-0.072,EOD_SQUAREOFF,14
INFY,2026-05-29 10:10:00+05:30,1208.1,165,1193.6,1238.3,2026-05-29 13:40:00+05:30,1193.6,-2392.04,116.77,-2508.81,-1.2,STOP,42
HINDUNILVR,2026-05-29 12:20:00+05:30,2178.6,91,2152.46,2233.07,2026-05-29 15:00:00+05:30,2152.46,-2379.03,116.39,-2495.42,-1.2,STOP,32
LT,2026-05-29 11:05:00+05:30,4117.0,48,4067.6,4219.92,2026-05-29 15:05:00+05:30,4067.6,-2371.39,116.17,-2487.56,-1.2,STOP,48
RELIANCE,2026-06-01 12:15:00+05:30,1326.5,150,1310.58,1359.66,2026-06-01 15:15:00+05:30,1320.3,-929.99,117.06,-1047.06,-0.467,EOD_SQUAREOFF,36
BHARTIARTL,2026-06-01 12:20:00+05:30,1819.8,109,1797.96,1865.3,2026-06-01 15:15:00+05:30,1810.0,-1068.21,116.81,-1185.01,-0.539,EOD_SQUAREOFF,35
KOTAKBANK,2026-06-01 12:20:00+05:30,379.95,526,375.39,389.45,2026-06-01 15:15:00+05:30,376.95,-1578.0,117.19,-1695.19,-0.79,EOD_SQUAREOFF,35
TCS,2026-06-02 10:00:00+05:30,2394.6,83,2426.59,2454.47,2026-06-02 12:20:00+05:30,2426.59,2655.09,118.01,2537.08,1.336,STOP,28
INFY,2026-06-02 10:05:00+05:30,1259.7,158,1266.01,1291.19,2026-06-02 13:15:00+05:30,1266.01,997.31,117.63,879.68,0.501,STOP,38
AXISBANK,2026-06-02 12:40:00+05:30,1251.3,159,1252.94,1282.58,2026-06-02 14:35:00+05:30,1252.94,261.38,117.4,143.99,0.131,STOP,23
ICICIBANK,2026-06-02 12:25:00+05:30,1226.2,163,1226.2,1256.85,2026-06-02 14:45:00+05:30,1226.2,0.0,117.64,-117.64,0.0,STOP,28
HDFCBANK,2026-06-02 10:25:00+05:30,740.05,270,745.67,758.55,2026-06-02 15:15:00+05:30,750.25,2754.0,118.41,2635.59,1.378,EOD_SQUAREOFF,58
TCS,2026-06-02 12:35:00+05:30,2447.0,81,2417.64,2508.17,2026-06-02 15:15:00+05:30,2450.9,315.89,117.15,198.74,0.159,EOD_SQUAREOFF,32
LT,2026-06-02 14:25:00+05:30,4003.0,49,3954.96,4103.07,2026-06-02 15:15:00+05:30,4009.9,338.1,116.43,221.67,0.172,EOD_SQUAREOFF,10
AXISBANK,2026-06-03 11:25:00+05:30,1242.9,160,1251.95,1273.97,2026-06-03 15:05:00+05:30,1251.95,1448.63,117.7,1330.93,0.728,STOP,44
INFY,2026-06-03 11:00:00+05:30,1228.4,162,1213.66,1259.11,2026-06-03 15:15:00+05:30,1222.4,-972.0,117.06,-1089.06,-0.488,EOD_SQUAREOFF,51
LT,2026-06-03 11:35:00+05:30,3930.4,50,3930.4,4028.66,2026-06-03 15:15:00+05:30,3948.7,915.0,116.73,798.28,0.466,EOD_SQUAREOFF,44
HDFCBANK,2026-06-03 12:35:00+05:30,749.45,266,749.45,768.19,2026-06-03 15:15:00+05:30,753.75,1143.8,117.79,1026.01,0.574,EOD_SQUAREOFF,32
TCS,2026-06-03 12:55:00+05:30,2241.8,89,2214.9,2297.85,2026-06-03 15:15:00+05:30,2239.6,-195.8,117.47,-313.26,-0.098,EOD_SQUAREOFF,28
SBIN,2026-06-03 13:50:00+05:30,957.9,208,962.43,981.85,2026-06-03 15:15:00+05:30,971.6,2849.59,118.24,2731.35,1.43,EOD_SQUAREOFF,17
HINDUNILVR,2026-06-03 14:15:00+05:30,2086.1,95,2061.07,2138.25,2026-06-03 15:15:00+05:30,2089.0,275.49,117.13,158.36,0.139,EOD_SQUAREOFF,12
SBIN,2026-06-04 10:05:00+05:30,982.2,203,970.41,1006.76,2026-06-04 15:15:00+05:30,980.75,-294.35,117.39,-411.74,-0.148,EOD_SQUAREOFF,62
RELIANCE,2026-06-04 11:40:00+05:30,1304.9,153,1289.24,1337.52,2026-06-04 15:15:00+05:30,1305.5,91.8,117.59,-25.8,0.046,EOD_SQUAREOFF,43
LT,2026-06-04 11:40:00+05:30,3957.0,50,3909.52,4055.92,2026-06-04 15:15:00+05:30,3942.2,-740.0,116.72,-856.72,-0.374,EOD_SQUAREOFF,43
HDFCBANK,2026-06-04 12:00:00+05:30,751.05,266,751.05,769.83,2026-06-04 15:15:00+05:30,753.65,691.61,117.81,573.8,0.346,EOD_SQUAREOFF,39
AXISBANK,2026-06-04 14:05:00+05:30,1250.0,160,1235.0,1281.25,2026-06-04 15:15:00+05:30,1252.8,448.01,117.82,330.19,0.224,EOD_SQUAREOFF,14
KOTAKBANK,2026-06-05 11:45:00+05:30,380.85,525,376.28,390.37,2026-06-05 14:10:00+05:30,376.28,-2399.36,116.98,-2516.34,-1.2,STOP,29
ICICIBANK,2026-06-05 11:10:00+05:30,1259.3,158,1244.19,1290.78,2026-06-05 15:15:00+05:30,1262.3,474.0,117.46,356.54,0.238,EOD_SQUAREOFF,49
AXISBANK,2026-06-05 11:10:00+05:30,1267.8,157,1252.59,1299.5,2026-06-05 15:15:00+05:30,1272.5,737.89,117.56,620.33,0.371,EOD_SQUAREOFF,49
BHARTIARTL,2026-06-08 10:05:00+05:30,1799.2,111,1799.2,1844.18,2026-06-08 15:15:00+05:30,1811.0,1309.81,117.96,1191.84,0.656,EOD_SQUAREOFF,62
INFY,2026-06-08 10:45:00+05:30,1197.0,167,1182.64,1226.92,2026-06-08 15:15:00+05:30,1185.6,-1903.8,117.11,-2020.91,-0.952,EOD_SQUAREOFF,54
KOTAKBANK,2026-06-09 11:10:00+05:30,378.6,528,378.6,388.07,2026-06-09 15:15:00+05:30,381.5,1531.2,118.09,1413.1,0.766,EOD_SQUAREOFF,49
LT,2026-06-09 11:25:00+05:30,3903.7,51,3856.86,4001.29,2026-06-09 15:15:00+05:30,3898.8,-249.9,117.3,-367.19,-0.126,EOD_SQUAREOFF,46
HINDUNILVR,2026-06-09 11:30:00+05:30,2123.1,94,2123.1,2176.18,2026-06-09 15:15:00+05:30,2132.2,855.39,117.78,737.6,0.429,EOD_SQUAREOFF,45
RELIANCE,2026-06-09 11:40:00+05:30,1265.7,158,1250.51,1297.34,2026-06-09 15:15:00+05:30,1269.2,553.0,117.84,435.16,0.277,EOD_SQUAREOFF,43
SBIN,2026-06-09 11:45:00+05:30,992.0,201,998.91,1016.8,2026-06-09 15:15:00+05:30,1003.2,2251.2,118.12,2133.08,1.129,EOD_SQUAREOFF,42
ICICIBANK,2026-06-09 12:05:00+05:30,1266.3,157,1266.3,1297.96,2026-06-09 15:15:00+05:30,1272.9,1036.2,117.57,918.63,0.521,EOD_SQUAREOFF,38
AXISBANK,2026-06-09 12:05:00+05:30,1281.5,156,1285.42,1313.54,2026-06-09 15:15:00+05:30,1290.6,1419.6,118.07,1301.53,0.71,EOD_SQUAREOFF,38
BHARTIARTL,2026-06-09 13:35:00+05:30,1802.9,110,1781.27,1847.97,2026-06-09 15:15:00+05:30,1795.7,-792.01,116.87,-908.88,-0.399,EOD_SQUAREOFF,20
TCS,2026-06-09 13:45:00+05:30,2143.9,93,2118.17,2197.5,2026-06-09 15:15:00+05:30,2152.7,818.4,117.71,700.7,0.41,EOD_SQUAREOFF,18
RELIANCE,2026-06-10 11:00:00+05:30,1282.9,155,1267.51,1314.97,2026-06-10 13:40:00+05:30,1267.51,-2386.19,116.6,-2502.8,-1.2,STOP,32
HDFCBANK,2026-06-10 11:05:00+05:30,740.45,270,748.29,758.96,2026-06-10 14:40:00+05:30,748.29,2117.2,118.27,1998.93,1.059,STOP,43
HINDUNILVR,2026-06-10 10:20:00+05:30,2193.8,91,2167.47,2248.65,2026-06-10 15:00:00+05:30,2167.47,-2395.63,116.88,-2512.51,-1.2,STOP,56
AXISBANK,2026-06-10 10:10:00+05:30,1305.0,153,1313.23,1337.62,2026-06-10 15:15:00+05:30,1315.9,1667.7,118.05,1549.65,0.835,EOD_SQUAREOFF,61
KOTAKBANK,2026-06-10 11:05:00+05:30,389.15,513,384.48,398.88,2026-06-10 15:15:00+05:30,387.65,-769.5,117.34,-886.84,-0.385,EOD_SQUAREOFF,50
HDFCBANK,2026-06-11 11:45:00+05:30,746.55,267,747.75,765.21,2026-06-11 13:45:00+05:30,747.75,319.6,117.55,202.05,0.16,STOP,24
AXISBANK,2026-06-11 12:30:00+05:30,1335.9,149,1319.87,1369.3,2026-06-11 14:05:00+05:30,1319.87,-2388.59,116.67,-2505.26,-1.2,STOP,19
ICICIBANK,2026-06-11 10:20:00+05:30,1317.2,151,1319.67,1350.13,2026-06-11 14:20:00+05:30,1319.67,372.98,117.41,255.57,0.188,STOP,48
TCS,2026-06-11 10:35:00+05:30,2136.7,93,2111.06,2190.12,2026-06-11 15:15:00+05:30,2138.7,186.0,117.29,68.71,0.094,EOD_SQUAREOFF,56
INFY,2026-06-11 10:45:00+05:30,1118.1,178,1104.68,1146.05,2026-06-11 15:15:00+05:30,1116.6,-267.0,117.27,-384.27,-0.134,EOD_SQUAREOFF,54
LT,2026-06-12 13:30:00+05:30,3943.0,50,3986.24,4041.57,2026-06-12 14:35:00+05:30,4041.57,4928.75,118.1,4810.65,2.5,TARGET,13
SBIN,2026-06-12 10:25:00+05:30,1011.5,197,1011.5,1036.79,2026-06-12 15:15:00+05:30,1017.35,1152.45,117.76,1034.68,0.578,EOD_SQUAREOFF,58
HDFCBANK,2026-06-12 10:35:00+05:30,759.75,263,766.66,778.74,2026-06-12 15:15:00+05:30,772.0,3221.75,118.55,3103.2,1.612,EOD_SQUAREOFF,56
ITC,2026-06-12 11:30:00+05:30,284.15,703,280.74,291.25,2026-06-12 15:15:00+05:30,285.0,597.55,117.78,479.78,0.299,EOD_SQUAREOFF,45
BHARTIARTL,2026-06-12 11:35:00+05:30,1813.9,110,1792.13,1859.25,2026-06-12 15:15:00+05:30,1823.0,1001.0,117.81,883.19,0.502,EOD_SQUAREOFF,44
TCS,2026-06-12 13:45:00+05:30,2155.1,92,2129.24,2208.98,2026-06-12 15:15:00+05:30,2161.5,588.79,117.25,471.54,0.297,EOD_SQUAREOFF,18
LT,2026-06-15 10:00:00+05:30,4175.7,47,4175.7,4280.09,2026-06-15 12:30:00+05:30,4175.7,0.0,116.37,-116.37,0.0,STOP,30
BHARTIARTL,2026-06-15 10:50:00+05:30,1834.0,109,1838.43,1879.85,2026-06-15 15:10:00+05:30,1838.43,482.87,117.8,365.07,0.242,STOP,52
HDFCBANK,2026-06-15 11:35:00+05:30,784.55,254,775.14,804.16,2026-06-15 15:15:00+05:30,777.7,-1739.89,116.94,-1856.83,-0.873,EOD_SQUAREOFF,44
ITC,2026-06-15 12:05:00+05:30,288.1,694,284.64,295.3,2026-06-15 15:15:00+05:30,287.7,-277.6,117.59,-395.19,-0.139,EOD_SQUAREOFF,38
TCS,2026-06-16 10:40:00+05:30,2193.3,91,2166.98,2248.13,2026-06-16 15:15:00+05:30,2200.3,637.0,117.73,519.27,0.319,EOD_SQUAREOFF,55
ICICIBANK,2026-06-16 11:45:00+05:30,1331.9,150,1315.92,1365.2,2026-06-16 15:15:00+05:30,1334.2,344.99,117.71,227.28,0.173,EOD_SQUAREOFF,42
AXISBANK,2026-06-16 11:55:00+05:30,1361.5,146,1345.16,1395.54,2026-06-16 15:15:00+05:30,1365.3,554.81,117.42,437.39,0.279,EOD_SQUAREOFF,40
RELIANCE,2026-06-16 12:40:00+05:30,1329.7,150,1313.74,1362.94,2026-06-16 15:15:00+05:30,1327.1,-390.0,117.39,-507.38,-0.196,EOD_SQUAREOFF,31
INFY,2026-06-16 12:40:00+05:30,1138.1,175,1138.1,1166.55,2026-06-16 15:15:00+05:30,1143.7,980.0,117.68,862.32,0.492,EOD_SQUAREOFF,31
SBIN,2026-06-16 12:40:00+05:30,1011.65,197,999.51,1036.94,2026-06-16 15:15:00+05:30,1015.45,748.6,117.66,630.94,0.376,EOD_SQUAREOFF,31
BHARTIARTL,2026-06-16 12:40:00+05:30,1844.1,108,1821.97,1890.2,2026-06-16 15:15:00+05:30,1854.1,1080.0,117.7,962.3,0.542,EOD_SQUAREOFF,31
KOTAKBANK,2026-06-17 11:00:00+05:30,407.65,490,402.76,417.84,2026-06-17 13:45:00+05:30,402.76,-2396.98,116.92,-2513.9,-1.2,STOP,33
SBIN,2026-06-17 10:40:00+05:30,1017.5,196,1017.5,1042.94,2026-06-17 15:15:00+05:30,1027.35,1930.6,118.04,1812.55,0.968,EOD_SQUAREOFF,55
AXISBANK,2026-06-17 12:35:00+05:30,1354.8,147,1338.54,1388.67,2026-06-17 15:15:00+05:30,1353.9,-132.3,117.35,-249.66,-0.066,EOD_SQUAREOFF,32
HINDUNILVR,2026-06-17 13:55:00+05:30,2189.8,91,2163.52,2244.55,2026-06-17 15:15:00+05:30,2197.2,673.39,117.63,555.76,0.338,EOD_SQUAREOFF,16
TCS,2026-06-19 11:25:00+05:30,2076.7,96,2102.26,2128.62,2026-06-19 15:10:00+05:30,2128.62,4984.08,118.89,4865.19,2.5,TARGET,45
ITC,2026-06-19 10:20:00+05:30,290.35,688,290.61,297.61,2026-06-19 15:15:00+05:30,293.65,2270.39,118.26,2152.14,1.137,EOD_SQUAREOFF,59
INFY,2026-06-19 12:10:00+05:30,1041.8,191,1044.45,1067.85,2026-06-19 15:15:00+05:30,1054.6,2444.79,118.03,2326.75,1.229,EOD_SQUAREOFF,37
HDFCBANK,2026-06-19 12:35:00+05:30,778.8,256,769.45,798.27,2026-06-19 15:15:00+05:30,779.75,243.2,117.54,125.66,0.122,EOD_SQUAREOFF,32
TCS,2026-06-22 11:00:00+05:30,2137.0,93,2137.0,2190.42,2026-06-22 13:20:00+05:30,2137.0,0.0,117.25,-117.25,0.0,STOP,28
LT,2026-06-22 13:25:00+05:30,4203.9,47,4153.45,4309.0,2026-06-22 15:15:00+05:30,4200.0,-183.3,116.79,-300.08,-0.093,EOD_SQUAREOFF,22
HDFCBANK,2026-06-22 13:40:00+05:30,786.55,254,777.11,806.21,2026-06-22 15:15:00+05:30,786.1,-114.3,117.58,-231.88,-0.057,EOD_SQUAREOFF,19
INFY,2026-06-23 11:15:00+05:30,1035.3,193,1022.88,1061.18,2026-06-23 15:15:00+05:30,1028.0,-1408.91,117.22,-1526.13,-0.705,EOD_SQUAREOFF,48
AXISBANK,2026-06-23 13:40:00+05:30,1360.8,146,1360.8,1394.82,2026-06-23 15:15:00+05:30,1361.0,29.19,117.23,-88.04,0.015,EOD_SQUAREOFF,19
ITC,2026-06-23 13:50:00+05:30,290.25,689,286.77,297.51,2026-06-23 15:15:00+05:30,290.1,-103.35,117.65,-221.0,-0.052,EOD_SQUAREOFF,17
KOTAKBANK,2026-06-23 14:05:00+05:30,401.9,497,397.08,411.95,2026-06-23 15:15:00+05:30,401.6,-149.09,117.56,-266.65,-0.075,EOD_SQUAREOFF,14
RELIANCE,2026-06-24 10:05:00+05:30,1307.5,152,1308.68,1340.19,2026-06-24 15:15:00+05:30,1313.7,942.39,117.52,824.88,0.474,EOD_SQUAREOFF,62
BHARTIARTL,2026-06-24 11:00:00+05:30,1883.8,106,1861.19,1930.9,2026-06-24 15:15:00+05:30,1876.6,-763.21,117.36,-880.57,-0.382,EOD_SQUAREOFF,51
SBIN,2026-06-24 12:10:00+05:30,1040.25,192,1027.77,1066.26,2026-06-24 15:15:00+05:30,1034.25,-1152.0,117.26,-1269.26,-0.577,EOD_SQUAREOFF,37
LT,2026-06-25 12:00:00+05:30,4260.0,46,4208.88,4366.5,2026-06-25 15:15:00+05:30,4203.5,-2599.0,115.52,-2714.52,-1.326,EOD_SQUAREOFF,39
HDFCBANK,2026-06-29 10:20:00+05:30,797.55,250,797.55,817.49,2026-06-29 12:20:00+05:30,797.55,0.0,117.47,-117.47,0.0,STOP,24
INFY,2026-06-29 10:25:00+05:30,1038.5,192,1026.04,1064.46,2026-06-29 15:15:00+05:30,1037.7,-153.61,117.43,-271.04,-0.077,EOD_SQUAREOFF,58
TCS,2026-06-29 10:30:00+05:30,2084.9,95,2084.9,2137.02,2026-06-29 15:15:00+05:30,2097.2,1168.5,117.34,1051.16,0.59,EOD_SQUAREOFF,57
SBIN,2026-06-29 13:40:00+05:30,1033.65,193,1021.25,1059.49,2026-06-29 15:15:00+05:30,1035.25,308.8,117.6,191.19,0.155,EOD_SQUAREOFF,19
KOTAKBANK,2026-06-29 14:15:00+05:30,397.5,503,392.73,407.44,2026-06-29 15:15:00+05:30,394.5,-1509.0,117.24,-1626.24,-0.755,EOD_SQUAREOFF,12
SBIN,2026-06-30 11:15:00+05:30,1040.5,192,1028.01,1066.51,2026-06-30 15:00:00+05:30,1028.01,-2397.31,116.93,-2514.24,-1.2,STOP,45
BHARTIARTL,2026-06-30 11:25:00+05:30,1875.9,106,1853.39,1922.8,2026-06-30 15:00:00+05:30,1853.39,-2386.14,116.6,-2502.75,-1.2,STOP,43
ITC,2026-06-30 11:10:00+05:30,288.3,693,284.84,295.51,2026-06-30 15:15:00+05:30,287.4,-623.7,117.44,-741.13,-0.312,EOD_SQUAREOFF,49
RELIANCE,2026-06-30 12:25:00+05:30,1297.0,154,1281.44,1329.42,2026-06-30 15:15:00+05:30,1294.8,-338.79,117.5,-456.29,-0.17,EOD_SQUAREOFF,34
ICICIBANK,2026-06-30 14:25:00+05:30,1377.2,145,1360.67,1411.63,2026-06-30 15:15:00+05:30,1380.3,449.51,117.71,331.8,0.225,EOD_SQUAREOFF,10
ICICIBANK,2026-07-01 11:15:00+05:30,1376.7,145,1360.18,1411.12,2026-07-01 15:15:00+05:30,1378.2,217.5,117.62,99.88,0.109,EOD_SQUAREOFF,48
LT,2026-07-01 13:50:00+05:30,4089.6,48,4040.52,4191.84,2026-07-01 15:15:00+05:30,4093.9,206.39,116.45,89.94,0.105,EOD_SQUAREOFF,17
INFY,2026-07-02 10:05:00+05:30,1033.0,193,1033.0,1058.82,2026-07-02 15:15:00+05:30,1040.9,1524.7,117.9,1406.8,0.765,EOD_SQUAREOFF,62
TCS,2026-07-02 10:30:00+05:30,2047.5,97,2056.03,2098.69,2026-07-02 15:15:00+05:30,2067.5,1940.0,117.75,1822.25,0.977,EOD_SQUAREOFF,57
AXISBANK,2026-07-02 12:05:00+05:30,1366.1,146,1349.71,1400.25,2026-07-02 15:15:00+05:30,1360.7,-788.4,117.27,-905.67,-0.395,EOD_SQUAREOFF,38
LT,2026-07-02 14:25:00+05:30,4029.5,49,4029.5,4130.24,2026-07-02 15:15:00+05:30,4058.1,1401.4,117.19,1284.21,0.71,EOD_SQUAREOFF,10
BHARTIARTL,2026-07-03 12:00:00+05:30,1902.8,105,1879.97,1950.37,2026-07-03 15:15:00+05:30,1909.6,713.99,117.82,596.17,0.357,EOD_SQUAREOFF,39
HINDUNILVR,2026-07-03 12:20:00+05:30,2214.7,90,2188.12,2270.07,2026-07-03 15:15:00+05:30,2202.7,-1080.0,117.14,-1197.14,-0.542,EOD_SQUAREOFF,35
HDFCBANK,2026-07-06 10:05:00+05:30,822.6,243,822.6,843.16,2026-07-06 15:15:00+05:30,829.55,1688.85,118.14,1570.72,0.845,EOD_SQUAREOFF,62
ITC,2026-07-06 11:35:00+05:30,288.55,693,285.09,295.76,2026-07-06 15:15:00+05:30,289.4,589.05,117.85,471.21,0.295,EOD_SQUAREOFF,44
INFY,2026-07-06 11:40:00+05:30,1037.7,192,1025.25,1063.64,2026-07-06 15:15:00+05:30,1043.6,1132.8,117.75,1015.06,0.569,EOD_SQUAREOFF,43
SBIN,2026-07-06 12:15:00+05:30,1047.0,191,1034.44,1073.17,2026-07-06 15:15:00+05:30,1037.3,-1852.69,117.15,-1969.84,-0.926,EOD_SQUAREOFF,36
HINDUNILVR,2026-07-06 13:30:00+05:30,2204.9,90,2178.44,2260.02,2026-07-06 15:15:00+05:30,2204.4,-45.0,117.13,-162.13,-0.023,EOD_SQUAREOFF,21
INFY,2026-07-07 10:25:00+05:30,1078.8,185,1078.8,1105.77,2026-07-07 12:30:00+05:30,1078.8,0.0,117.54,-117.54,0.0,STOP,25
KOTAKBANK,2026-07-07 10:10:00+05:30,381.05,524,376.48,390.58,2026-07-07 15:15:00+05:30,381.95,471.61,117.71,353.9,0.236,EOD_SQUAREOFF,61
LT,2026-07-07 11:05:00+05:30,3992.0,50,3944.1,4091.8,2026-07-07 15:15:00+05:30,3991.0,-50.0,117.54,-167.54,-0.025,EOD_SQUAREOFF,50
ITC,2026-07-07 12:15:00+05:30,288.0,694,288.0,295.2,2026-07-07 15:15:00+05:30,288.8,555.19,117.8,437.39,0.278,EOD_SQUAREOFF,36
TCS,2026-07-07 12:55:00+05:30,2102.0,95,2076.78,2154.55,2026-07-07 15:15:00+05:30,2097.1,-465.49,117.45,-582.94,-0.233,EOD_SQUAREOFF,28
BHARTIARTL,2026-07-07 14:00:00+05:30,1934.1,103,1910.89,1982.45,2026-07-07 15:15:00+05:30,1925.3,-906.39,117.15,-1023.55,-0.455,EOD_SQUAREOFF,15
HDFCBANK,2026-07-07 14:10:00+05:30,832.15,240,822.16,852.95,2026-07-07 15:15:00+05:30,829.1,-732.01,117.38,-849.39,-0.367,EOD_SQUAREOFF,13
AXISBANK,2026-07-08 12:40:00+05:30,1324.3,151,1325.61,1357.41,2026-07-08 13:50:00+05:30,1325.61,197.8,117.74,80.07,0.099,STOP,14
AXISBANK,2026-07-09 11:25:00+05:30,1312.7,152,1296.95,1345.52,2026-07-09 15:00:00+05:30,1296.95,-2394.36,116.84,-2511.2,-1.2,STOP,43
ITC,2026-07-09 11:05:00+05:30,282.75,707,279.36,289.82,2026-07-09 15:15:00+05:30,281.15,-1131.2,117.33,-1248.54,-0.566,EOD_SQUAREOFF,50
KOTAKBANK,2026-07-09 11:15:00+05:30,371.75,537,373.87,381.04,2026-07-09 15:15:00+05:30,377.55,3114.59,118.45,2996.14,1.56,EOD_SQUAREOFF,48
SBIN,2026-07-09 13:40:00+05:30,1028.7,194,1016.36,1054.42,2026-07-09 15:15:00+05:30,1022.6,-1183.4,117.2,-1300.59,-0.593,EOD_SQUAREOFF,19
TCS,2026-07-13 10:50:00+05:30,2136.7,93,2166.12,2190.12,2026-07-13 12:05:00+05:30,2190.12,4967.83,118.66,4849.17,2.5,TARGET,15
INFY,2026-07-13 12:15:00+05:30,1104.1,181,1104.1,1131.7,2026-07-13 13:25:00+05:30,1104.1,0.0,117.63,-117.63,0.0,STOP,14
TCS,2026-07-13 12:05:00+05:30,2183.4,91,2183.4,2237.98,2026-07-13 13:40:00+05:30,2183.4,0.0,117.23,-117.23,0.0,STOP,19
ICICIBANK,2026-07-13 10:00:00+05:30,1399.0,142,1399.0,1433.97,2026-07-13 15:15:00+05:30,1408.6,1363.2,117.61,1245.59,0.686,EOD_SQUAREOFF,63
BHARTIARTL,2026-07-13 10:35:00+05:30,1911.0,104,1888.07,1958.77,2026-07-13 15:15:00+05:30,1901.2,-1019.21,116.96,-1136.16,-0.513,EOD_SQUAREOFF,56
ITC,2026-07-13 10:55:00+05:30,280.8,712,277.43,287.82,2026-07-13 15:15:00+05:30,279.6,-854.39,117.42,-971.81,-0.427,EOD_SQUAREOFF,52
HINDUNILVR,2026-07-13 11:45:00+05:30,2129.0,93,2103.45,2182.22,2026-07-13 15:15:00+05:30,2130.6,148.81,117.03,31.78,0.075,EOD_SQUAREOFF,42
HDFCBANK,2026-07-13 11:50:00+05:30,820.0,243,810.16,840.5,2026-07-13 15:15:00+05:30,816.95,-741.15,117.22,-858.36,-0.372,EOD_SQUAREOFF,41
LT,2026-07-13 12:05:00+05:30,3925.0,50,3877.9,4023.12,2026-07-13 15:15:00+05:30,3925.1,5.0,116.37,-111.37,0.003,EOD_SQUAREOFF,38
AXISBANK,2026-07-13 12:20:00+05:30,1322.9,151,1307.03,1355.97,2026-07-13 15:15:00+05:30,1318.4,-679.5,117.41,-796.91,-0.34,EOD_SQUAREOFF,35
RELIANCE,2026-07-14 10:05:00+05:30,1299.3,153,1299.3,1331.78,2026-07-14 12:15:00+05:30,1299.3,0.0,117.26,-117.26,0.0,STOP,26
SBIN,2026-07-14 11:05:00+05:30,1023.1,195,1010.82,1048.68,2026-07-14 15:15:00+05:30,1014.5,-1677.0,117.04,-1794.03,-0.841,EOD_SQUAREOFF,50
KOTAKBANK,2026-07-14 13:45:00+05:30,377.55,529,373.02,386.99,2026-07-14 15:15:00+05:30,378.7,608.36,117.77,490.6,0.305,EOD_SQUAREOFF,18
HINDUNILVR,2026-07-15 11:45:00+05:30,2105.5,94,2080.23,2158.14,2026-07-15 15:15:00+05:30,2102.6,-272.59,116.88,-389.47,-0.138,EOD_SQUAREOFF,42
ICICIBANK,2026-07-15 14:10:00+05:30,1415.1,141,1398.12,1450.48,2026-07-15 15:15:00+05:30,1418.0,408.9,117.64,291.26,0.205,EOD_SQUAREOFF,13
HDFCBANK,2026-07-16 10:45:00+05:30,813.4,245,803.64,833.74,2026-07-16 15:15:00+05:30,808.0,-1323.01,117.06,-1440.06,-0.664,EOD_SQUAREOFF,54
AXISBANK,2026-07-16 11:05:00+05:30,1308.7,152,1293.0,1341.42,2026-07-16 15:15:00+05:30,1305.9,-425.59,117.19,-542.78,-0.214,EOD_SQUAREOFF,50
BHARTIARTL,2026-07-16 11:10:00+05:30,1924.2,103,1901.11,1972.3,2026-07-16 15:15:00+05:30,1922.4,-185.39,117.0,-302.39,-0.094,EOD_SQUAREOFF,49
ICICIBANK,2026-07-16 12:30:00+05:30,1415.7,141,1398.71,1451.09,2026-07-16 15:15:00+05:30,1418.5,394.81,117.67,277.14,0.198,EOD_SQUAREOFF,33
ITC,2026-07-16 12:30:00+05:30,279.05,716,275.7,286.03,2026-07-16 15:15:00+05:30,279.45,286.42,117.7,168.72,0.143,EOD_SQUAREOFF,33
LT,2026-07-16 12:30:00+05:30,3779.8,52,3734.44,3874.3,2026-07-16 15:15:00+05:30,3773.8,-312.0,116.38,-428.38,-0.159,EOD_SQUAREOFF,33
KOTAKBANK,2026-07-16 14:00:00+05:30,378.85,527,374.3,388.32,2026-07-16 15:15:00+05:30,377.2,-869.55,117.32,-986.87,-0.436,EOD_SQUAREOFF,15
ITC,2026-07-17 11:40:00+05:30,279.8,714,276.44,286.79,2026-07-17 15:15:00+05:30,280.35,392.71,117.72,274.99,0.197,EOD_SQUAREOFF,43
ICICIBANK,2026-07-17 12:00:00+05:30,1440.0,138,1422.72,1476.0,2026-07-17 15:15:00+05:30,1446.0,828.0,117.48,710.52,0.417,EOD_SQUAREOFF,39
TCS,2026-07-17 12:45:00+05:30,2266.0,88,2238.81,2322.65,2026-07-17 15:15:00+05:30,2267.2,105.6,117.51,-11.92,0.053,EOD_SQUAREOFF,30
SBIN,2026-07-17 14:20:00+05:30,1044.4,191,1031.87,1070.51,2026-07-17 15:15:00+05:30,1044.3,-19.1,117.5,-136.6,-0.01,EOD_SQUAREOFF,11
RELIANCE,2026-07-17 14:25:00+05:30,1323.7,151,1307.82,1356.79,2026-07-17 15:15:00+05:30,1326.2,377.5,117.76,259.74,0.189,EOD_SQUAREOFF,10
LT,2026-07-20 10:15:00+05:30,3827.3,52,3781.37,3922.98,2026-07-20 15:15:00+05:30,3838.2,566.79,117.51,449.29,0.285,EOD_SQUAREOFF,60
KOTAKBANK,2026-07-20 10:35:00+05:30,381.1,524,376.53,390.63,2026-07-20 15:15:00+05:30,382.4,681.19,117.78,563.42,0.341,EOD_SQUAREOFF,56
HDFCBANK,2026-07-20 13:00:00+05:30,779.4,256,770.05,798.89,2026-07-20 15:15:00+05:30,776.8,-665.61,117.33,-782.94,-0.334,EOD_SQUAREOFF,27
ICICIBANK,2026-07-20 13:20:00+05:30,1457.6,137,1440.11,1494.04,2026-07-20 15:15:00+05:30,1460.8,438.41,117.71,320.7,0.22,EOD_SQUAREOFF,23
AXISBANK,2026-07-20 13:25:00+05:30,1256.8,159,1241.72,1288.22,2026-07-20 15:15:00+05:30,1257.0,31.79,117.64,-85.85,0.016,EOD_SQUAREOFF,22
BHARTIARTL,2026-07-20 13:50:00+05:30,1942.0,102,1918.7,1990.55,2026-07-20 15:15:00+05:30,1941.2,-81.6,116.99,-198.6,-0.041,EOD_SQUAREOFF,17
SBIN,2026-07-21 10:15:00+05:30,1056.5,189,1043.82,1082.91,2026-07-21 15:10:00+05:30,1043.82,-2396.14,116.89,-2513.03,-1.2,STOP,59
TCS,2026-07-21 12:00:00+05:30,2228.0,89,2201.26,2283.7,2026-07-21 15:15:00+05:30,2221.0,-623.0,116.91,-739.91,-0.314,EOD_SQUAREOFF,39
LT,2026-07-21 13:35:00+05:30,3825.9,52,3779.99,3921.55,2026-07-21 15:15:00+05:30,3843.8,930.81,117.59,813.22,0.468,EOD_SQUAREOFF,20
ICICIBANK,2026-07-21 13:40:00+05:30,1465.5,136,1447.91,1502.14,2026-07-21 15:15:00+05:30,1463.1,-326.4,117.35,-443.76,-0.164,EOD_SQUAREOFF,19
RELIANCE,2026-07-21 13:45:00+05:30,1309.6,152,1293.88,1342.34,2026-07-21 15:15:00+05:30,1303.5,-927.2,117.09,-1044.29,-0.466,EOD_SQUAREOFF,18
ITC,2026-07-22 11:35:00+05:30,279.9,714,279.9,286.9,2026-07-22 15:15:00+05:30,280.85,678.31,117.83,560.48,0.339,EOD_SQUAREOFF,44
LT,2026-07-22 12:40:00+05:30,3828.6,52,3782.66,3924.32,2026-07-22 15:15:00+05:30,3817.0,-603.21,117.2,-720.4,-0.303,EOD_SQUAREOFF,31
ITC,2026-07-23 10:40:00+05:30,281.3,710,281.3,288.33,2026-07-23 12:50:00+05:30,281.3,0.0,117.59,-117.59,0.0,STOP,26
AXISBANK,2026-07-23 13:40:00+05:30,1225.2,163,1210.5,1255.83,2026-07-23 15:15:00+05:30,1222.8,-391.18,117.48,-508.66,-0.196,EOD_SQUAREOFF,19
RELIANCE,2026-07-24 10:35:00+05:30,1270.5,157,1270.5,1302.26,2026-07-24 15:15:00+05:30,1278.1,1193.2,117.84,1075.35,0.598,EOD_SQUAREOFF,56
BHARTIARTL,2026-07-24 11:20:00+05:30,1883.5,106,1883.5,1930.59,2026-07-24 15:15:00+05:30,1901.1,1865.6,118.1,1747.5,0.934,EOD_SQUAREOFF,47
ICICIBANK,2026-07-24 11:25:00+05:30,1423.8,140,1425.4,1459.4,2026-07-24 15:15:00+05:30,1433.7,1385.99,117.85,1268.13,0.695,EOD_SQUAREOFF,46
HINDUNILVR,2026-07-24 12:10:00+05:30,2146.2,93,2120.45,2199.85,2026-07-24 15:15:00+05:30,2146.8,55.81,117.56,-61.76,0.028,EOD_SQUAREOFF,37
TCS,2026-07-27 10:15:00+05:30,2310.8,86,2283.07,2368.57,2026-07-27 15:15:00+05:30,2295.5,-1315.8,116.87,-1432.67,-0.662,EOD_SQUAREOFF,60
HINDUNILVR,2026-07-27 14:25:00+05:30,2174.5,91,2148.41,2228.86,2026-07-27 15:15:00+05:30,2172.4,-191.11,116.89,-308.0,-0.097,EOD_SQUAREOFF,10
ITC,2026-07-28 10:35:00+05:30,286.35,698,282.91,293.51,2026-07-28 11:55:00+05:30,282.91,-2398.47,116.96,-2515.43,-1.2,STOP,16
HDFCBANK,2026-07-28 10:50:00+05:30,736.2,271,727.37,754.61,2026-07-28 15:15:00+05:30,736.6,108.39,117.55,-9.16,0.054,EOD_SQUAREOFF,53
RELIANCE,2026-07-28 11:00:00+05:30,1278.4,156,1263.06,1310.36,2026-07-28 15:15:00+05:30,1267.1,-1762.81,116.99,-1879.79,-0.884,EOD_SQUAREOFF,51
LT,2026-07-28 11:55:00+05:30,3814.3,52,3768.53,3909.66,2026-07-28 15:15:00+05:30,3831.7,904.79,117.37,787.43,0.456,EOD_SQUAREOFF,40
BHARTIARTL,2026-07-29 10:25:00+05:30,1945.7,102,1922.35,1994.34,2026-07-29 15:15:00+05:30,1948.3,265.21,117.22,147.99,0.134,EOD_SQUAREOFF,58
KOTAKBANK,2026-07-29 14:20:00+05:30,391.55,510,386.85,401.34,2026-07-29 15:15:00+05:30,390.35,-611.99,117.41,-729.4,-0.306,EOD_SQUAREOFF,11
LT,2026-07-30 10:45:00+05:30,3918.3,51,3918.3,4016.26,2026-07-30 15:15:00+05:30,3936.5,928.2,117.9,810.3,0.464,EOD_SQUAREOFF,54
AXISBANK,2026-07-30 10:45:00+05:30,1226.9,163,1212.18,1257.57,2026-07-30 15:15:00+05:30,1228.2,211.89,117.75,94.14,0.106,EOD_SQUAREOFF,54
ICICIBANK,2026-07-30 12:20:00+05:30,1428.0,140,1410.86,1463.7,2026-07-30 15:15:00+05:30,1433.2,727.99,117.87,610.12,0.364,EOD_SQUAREOFF,35
HINDUNILVR,2026-07-30 12:20:00+05:30,2096.1,95,2096.1,2148.5,2026-07-30 15:15:00+05:30,2108.9,1215.98,117.73,1098.25,0.611,EOD_SQUAREOFF,35
TCS,2026-07-31 10:50:00+05:30,2369.6,84,2369.6,2428.84,2026-07-31 13:20:00+05:30,2369.6,0.0,117.35,-117.35,0.0,STOP,30
INFY,2026-07-31 11:30:00+05:30,1134.3,176,1120.69,1162.66,2026-07-31 15:15:00+05:30,1130.4,-686.4,117.37,-803.77,-0.344,EOD_SQUAREOFF,45
ICICIBANK,2026-07-31 13:10:00+05:30,1434.2,139,1416.99,1470.05,2026-07-31 15:15:00+05:30,1436.8,361.41,117.57,243.85,0.181,EOD_SQUAREOFF,25
HINDUNILVR,2026-07-31 13:10:00+05:30,2100.3,95,2075.1,2152.81,2026-07-31 15:15:00+05:30,2101.0,66.5,117.54,-51.05,0.033,EOD_SQUAREOFF,25
ITC,2026-08-03 10:00:00+05:30,291.25,686,287.75,298.53,2026-08-03 12:35:00+05:30,287.75,-2397.57,116.93,-2514.5,-1.2,STOP,31
SBIN,2026-08-03 11:30:00+05:30,1049.6,190,1037.0,1075.84,2026-08-03 15:00:00+05:30,1037.0,-2393.09,116.8,-2509.89,-1.2,STOP,42
TCS,2026-08-03 10:15:00+05:30,2420.2,82,2438.07,2480.7,2026-08-03 15:15:00+05:30,2473.7,4387.0,118.4,4268.6,2.211,EOD_SQUAREOFF,60
AXISBANK,2026-08-03 11:50:00+05:30,1251.0,159,1235.99,1282.27,2026-08-03 15:15:00+05:30,1272.0,3339.0,118.26,3220.74,1.679,EOD_SQUAREOFF,41
HINDUNILVR,2026-08-03 14:10:00+05:30,2114.0,94,2088.63,2166.85,2026-08-03 15:15:00+05:30,2138.0,2256.0,117.88,2138.12,1.135,EOD_SQUAREOFF,13
AXISBANK,2026-08-04 10:00:00+05:30,1256.4,159,1241.32,1287.81,2026-08-04 15:10:00+05:30,1261.8,858.6,117.85,740.75,0.43,EOD_SQUAREOFF,62
KOTAKBANK,2026-08-04 14:20:00+05:30,393.6,508,388.88,403.44,2026-08-04 15:10:00+05:30,398.0,2235.2,118.31,2116.88,1.118,EOD_SQUAREOFF,10
BHARTIARTL,2026-08-04 14:30:00+05:30,1954.0,102,1930.55,2002.85,2026-08-04 15:10:00+05:30,1970.1,1642.2,117.92,1524.28,0.824,EOD_SQUAREOFF,8
TCS,2026-08-04 12:00:00+05:30,2451.5,81,2422.08,2512.79,2026-08-04 15:15:00+05:30,2460.0,688.5,117.38,571.12,0.347,EOD_SQUAREOFF,39
RELIANCE,2026-08-04 14:15:00+05:30,1294.7,154,1279.16,1327.07,2026-08-04 15:15:00+05:30,1290.9,-585.19,117.31,-702.49,-0.293,EOD_SQUAREOFF,12
ICICIBANK,2026-08-04 14:20:00+05:30,1436.0,139,1418.77,1471.9,2026-08-04 15:15:00+05:30,1454.6,2585.4,118.29,2467.11,1.295,EOD_SQUAREOFF,11
HDFCBANK,2026-08-05 10:50:00+05:30,740.7,270,731.81,759.22,2026-08-05 15:10:00+05:30,735.0,-1539.0,117.25,-1656.25,-0.77,EOD_SQUAREOFF,52
HINDUNILVR,2026-08-05 10:00:00+05:30,2086.0,95,2060.97,2138.15,2026-08-05 15:15:00+05:30,2085.3,-66.5,117.03,-183.52,-0.034,EOD_SQUAREOFF,63
AXISBANK,2026-08-05 13:50:00+05:30,1248.8,160,1233.81,1280.02,2026-08-05 15:15:00+05:30,1253.9,816.0,117.86,698.14,0.408,EOD_SQUAREOFF,17
ITC,2026-08-06 11:20:00+05:30,284.75,702,281.33,291.87,2026-08-06 15:15:00+05:30,285.9,807.3,117.88,689.41,0.404,EOD_SQUAREOFF,47
SBIN,2026-08-07 13:50:00+05:30,1112.6,179,1099.25,1140.41,2026-08-07 13:55:00+05:30,1099.25,-2389.86,116.71,-2506.57,-1.2,STOP,1
TCS,2026-08-07 10:05:00+05:30,2449.6,81,2420.2,2510.84,2026-08-07 15:15:00+05:30,2452.7,251.09,117.2,133.88,0.127,EOD_SQUAREOFF,62
AXISBANK,2026-08-07 12:30:00+05:30,1246.1,160,1231.15,1277.25,2026-08-07 15:15:00+05:30,1238.0,-1296.0,117.1,-1413.1,-0.65,EOD_SQUAREOFF,33
TCS,2026-08-10 10:00:00+05:30,2464.2,81,2434.63,2525.8,2026-08-10 14:40:00+05:30,2434.63,-2395.2,116.86,-2512.07,-1.2,STOP,56
ICICIBANK,2026-08-10 11:55:00+05:30,1423.0,140,1405.92,1458.57,2026-08-10 15:15:00+05:30,1431.8,1232.01,117.77,1114.24,0.618,EOD_SQUAREOFF,40
AXISBANK,2026-08-10 13:35:00+05:30,1246.7,160,1231.74,1277.87,2026-08-10 15:15:00+05:30,1247.3,96.02,117.53,-21.52,0.048,EOD_SQUAREOFF,20
HINDUNILVR,2026-08-11 12:15:00+05:30,2072.2,96,2047.33,2124.0,2026-08-11 15:10:00+05:30,2064.9,-700.8,117.11,-817.92,-0.352,EOD_SQUAREOFF,35
SBIN,2026-08-11 10:55:00+05:30,1067.6,187,1054.79,1094.29,2026-08-11 15:15:00+05:30,1066.0,-299.2,117.48,-416.67,-0.15,EOD_SQUAREOFF,52
INFY,2026-08-11 11:25:00+05:30,1186.9,168,1172.66,1216.57,2026-08-11 15:15:00+05:30,1190.7,638.39,117.66,520.73,0.32,EOD_SQUAREOFF,46
LT,2026-08-11 11:30:00+05:30,4043.1,49,3994.58,4144.18,2026-08-11 15:15:00+05:30,4037.4,-279.31,116.94,-396.25,-0.141,EOD_SQUAREOFF,45
ICICIBANK,2026-08-11 12:50:00+05:30,1420.0,140,1402.96,1455.5,2026-08-11 15:15:00+05:30,1429.6,1344.0,117.65,1226.34,0.676,EOD_SQUAREOFF,29
KOTAKBANK,2026-08-11 13:00:00+05:30,389.75,513,385.07,399.49,2026-08-11 15:15:00+05:30,392.9,1615.95,118.13,1497.81,0.808,EOD_SQUAREOFF,27
